group_value,rows,mae_log,rmse_log,mae_eur,group_column
Bundesliga,326,0.6888968849959487,0.8686921767431667,6427194.531993253,cleaned_comp
La Liga,389,0.715591488679397,0.9823544146555468,6671301.887854176,cleaned_comp
Ligue 1,341,0.6821108782377087,0.867679530578835,5086252.711171218,cleaned_comp
Premier League,393,0.6186122162008545,0.8814750112464594,10498859.892742658,cleaned_comp
Serie A,391,0.632455356085087,0.8256302215087655,5350644.129692447,cleaned_comp
DF,529,0.6994221001406197,0.9539136808096206,6111849.98144706,position_group
FW,507,0.6270500510820263,0.8022420085309021,8081882.958445775,position_group
MF,804,0.6692055490139963,0.8938393155252861,6607319.053177325,position_group
23/24,1840,0.6662771349349066,0.8877243383025385,6871178.162430474,season
