scope,position_group,cleaned_comp,model,split,rows,rmse_log,mae_log,r2,rmse_eur,mae_eur,train_seasons,test_season
rolling_season,ALL,ALL,mean_baseline,test,1764,1.2217783114401304,1.009364168886868,-0.006693484130418925,19005056.544830658,10136164.535857605,21/22,22/23
rolling_season,ALL,ALL,linear_regression,test,1764,0.7822585509824352,0.6260566608511622,0.5873203313790354,16029500.444909401,6853056.085718782,21/22,22/23
rolling_season,ALL,ALL,ridge_alpha_1,test,1764,0.7807963699553114,0.6255223239635584,0.5888616336458942,15584261.88139792,6839442.079945885,21/22,22/23
rolling_season,ALL,ALL,hist_gradient_boosting,test,1764,0.7593632865618818,0.6072117009188587,0.6111235646113704,12370406.554143704,6570752.830729287,21/22,22/23
rolling_season,ALL,ALL,mean_baseline,test,1723,1.2379832515918505,1.0237253791038825,-0.005204429136460131,21098933.694522526,10993746.680608517,"21/22,22/23",23/24
rolling_season,ALL,ALL,linear_regression,test,1723,0.7897843311159898,0.6309417744187678,0.5908883171439406,15464762.172561977,7475934.546920208,"21/22,22/23",23/24
rolling_season,ALL,ALL,ridge_alpha_1,test,1723,0.7900143309190936,0.631170783021,0.590650000671995,15383699.319412647,7470605.83083483,"21/22,22/23",23/24
rolling_season,ALL,ALL,hist_gradient_boosting,test,1723,0.7591151846419416,0.5975519772126551,0.6220448977736777,12887164.294273658,6857254.574678028,"21/22,22/23",23/24
